"","cond","SID","value","article_number"
"1","self","s001","A shrinking GDP and economy would be bad for me because it means there will be fewer economic opportunities for me in the future.",9
"2","self","s002","Its good to consume more vitamin D to help child's bone and teeth",60
"3","social","s003","Because people I know live in poverty and can probably relate.",70
"4","social","s004","Wildfires are going to become more common as climate change continues unabated, so lets learn something about how to protects ourselves better against the risks of fire.",17
"5","social","s005","Green energy is better for the environment and Earth health. Something to consider.",83
"6","social","s008","I care about my family and want to keep them aware.",80
"7","self","s009","I am a young person who is concerned with environment impact of human actions on earth and my future generations.",67
"8","social","s010","The article tells you how switching to a green energy provider can help with climate change",83
"9","social","s012","if we want clean air, we should stop using less deodorant and other perfumes.",107
"10","self","s014","I am always interested in dietary information and health.",4
"11","social","s015","This should worry you a lot as it is a sign of climate change that might be un-reversible and will effect our children and grandchildren.",45
"12","social","s017","Climate change is likely to put various big companies at financial risks.",87
"13","social","s018","I know some people whose kids are chubby and this article may help them to develop better eating habits for their children.",92
"14","self","s019","The article is about the heatwave that hit Europe. Also, It says that the USA could face the same challenge.",91
"15","self","s020","Some people advocate to use green energy.",83
"16","self","s021","This article matters to me because coal poses a risk to my health.",43
"17","social","s024","Most of my friends and family live somewhere near the Mississippi River, a few have been affected by floods.",25
"18","social","s025","This article matters to people I know because if this rare vaquita porpoise becomes extinct, then this species vanishes off the face of the Earth forever and that has downstream consequences to other species.",101
"19","social","s028","It is related to the people i know who were living in the climatic site",105
"20","self","s030","It is always important to use the resource that we have possible as much as possible and so it matters me personally.",83
"21","social","s031","Improving the strength.",48
"22","self","s032","This article explains the importance of following a certain diet for vegans.",26
"23","self","s036","I think it would be nice if more people had healthy relationships.",96
"24","social","s037","about the oil industry technology",88
"25","social","s038","The gluten-free diet has had a minority of objections to consider what possible issues it might bring.",66
"26","self","s040","it is related to me because my invasive grasses.",63
"27","social","s041","This article is providing information on how people are reluctant to buy disaster insurance even though the climate changes had gotten worse by year.",53
"28","social","s042","the administration is sitting on tens of billions of dollars in unspent recovery money meant to help Americans recover from disasters, leaving people less able to rebound from the effects.",13
"29","self","s043","Children need to get out and play. It is important to combat childhood obesity.",12
"30","social","s045","because people are always trying to lose weight and they cant figure out why it doesnt happen or work out for them",78
"31","self","s046","the weight which increases it may cause of getting cancer in our body affects personally",54
"32","self","s048","EU leaders could not reach the climate target goal due to eastern countries objections.",41
"33","social","s049","People I know care about climate change a lot.",97
"34","self","s051","The article shows that we eat more when we exercise more and how it affects weight loss.",78
"35","self","s052","This article matters to me personally because it is spreading fear and non-science thoughts on climate change which are not factually based.",7
"36","social","s053","If your partner has an eating disorder and you want to help, this article might show you how.",96
"37","self","s054","This is not proofed yet. Paints a picture of snake-oil sales, hyped-up claims and minuscule science",88
"38","social","s055","This article could potentially warn people I know with hearing loss of the dangers they could face.",90
"39","self","s056","Sleep apnea is a rising concern due to the obesity epidemic.",106
"40","self","s057","We need to conserve our resources before they are gone and we can never get them back.  This also includes endangered animal species.",31
"41","self","s058","Climate change is an issue that will affect all of us, and we need to do something about it.",27
"42","social","s062","This matters to all the females I know because it would educate them on food health and its effect on breast cancer. This is something that all female should know so they know they aren't unknowingly putting themselves at a higher risk.",52
"43","self","s063","An article on how processed meat gives you cancer.",28
"44","self","s064","the pharoahs tried in vain to stave off the effects of potential drought",37
"45","social","s065","This article matters to people I know because plastic and trash in the ocean is a major concern for them and myself.",79
"46","social","s066","Trying to eat before a workout makes you feel gross, its better to skip it.",0
"47","self","s067","It's quite relevant to the work that I have done for the last 6 years of my life.",86
"48","social","s068","Things that were presented during a conference.",81
"49","self","s069","So much wildlife is becoming endangered and it is sad to me that we are contributing to their deaths.",101
"50","self","s070","This is true. Most people think it is some magical creation like the Wizard of Oz but it isn't.",102
"51","social","s072","This article matters to people I know because they are against climate change.",27
"52","social","s073","This matters to people I know because they try to recycle and who want to know what happens to recycling.",49
"53","social","s074","Being able to prevent breast cancer would be a huge win to everyone",104
"54","social","s075","climate change reflects nature",95
"55","self","s076","it makes me sad that we are not taking care of the people in need in our country even though we have the funds available to do so",13
"56","social","s078","The government will be giving people free money to go out and buy eco-friendly cars.",73
"57","social","s079","a wonderful innovation on using AI to prevent cancer",104
"58","self","s080","Taking antioxidants after working out isn't proven to help muscle soreness.",40
"59","social","s081","It might be helpful in losing weight",74
"60","self","s082","This article is about how some food's nutrients go up when they are cooked while other food's nutrients go down when cooked.",42
"61","social","s083","It gives me a look at how people are trying to help solve climate change.",81
"62","self","s084","being fit may be better for you then being a non smoker.",16
"63","social","s085","This about how to stay safe during natural disasters.",25
"64","self","s086","Disaster recovery funds are not being expedited.",13
"65","self","s089","The senate passed a bill that will help protect certain parts of the environment.",19
"66","social","s090","I have a family member who has a home in a flood zone.",23
"67","social","s092","Skin infections are related to statins.",80
"68","self","s093","Cardiovascular disease and obesity are closely related.",108
"69","self","s095","I would like to see the world start tackling climate change, so it's important to know what industries or individuals are fighting against that (and profiting from it).",43
"70","social","s097","I know there are some genetic features involved in weight gain and this might explain why some of us can't lose or gain weight.",78
"71","social","s099","How can there even be a contest at this point?  paper bags are obviously better for the environment which in turn is better for us all",57
"72","social","s100","This article matters to people I know because it explains the Victory for Coal (beneficial to climate change).",21
"73","self","s101","As a practicing minimalist, consuming less is at the crux of my day!",31
"74","social","s103","Cooking boost nutrients in tomatoes and spinach but could lower others.",42
"75","self","s104","This article is about the correlation between banning sugary drinks and people's health.",94
"76","self","s106","This article is about a start-up that is trying to predict environmental climate risks in the future for profit.",59
"77","social","s108","It's about Senate completing a bill that conserves a huge swath of the wilderness for environmental safety.",19
"78","social","s110","Farmer only fixed the rate for food...",20
"79","self","s111","Eating processed meats and the effects it has on breast cancer risk.",52
"80","self","s112","Hearing loss can negatively affect people in their everyday life.",90
"81","self","s113","Its about informing people that different factors such as diet could remove plaques in your arteries and could decrease possibility of heart attacks.",84
"82","social","s114","This article is about whether parents are responsible for overweight kids.",92
"83","social","s115","How to help the environment by reducing my single use plastic habits.",55
"84","social","s116","EAtting fish is good for your health. There hs been moe outlined about ti. It what people want to her to help them in the long run.",30
"85","social","s117","grow green save environment",67
"86","self","s118","If it isn't obvious yet, being in good shape is called ""good"" for a reason.",16
"87","self","s119","This article contains many reasons to not buy a wind turbine, I only need one.",1
"88","social","s120","grasses may be the cause of or worsen wildfires",63
"89","self","s121","Aging may not be as severe as people think.",76
"90","social","s122","It says low impact sports may put your bones at risk",98
"91","social","s123","This article is about the effect of climate change on exotic locales and wildfires.",7
"92","self","s124","This article matters to me because I've never been good with gluten free diets.",66
"93","social","s125","My parents recycle regularly.",49
"94","social","s126","eating the deli meat will increase the risk of cancer by colorectal",28
"95","self","s127","a globe change our climate and people are scared",7
"96","self","s130","This article is about avalanches caused by global warming in Tibet.",45
"97","self","s132","I want to lose weight so it's interesting",0
"98","social","s133","Who would have thought not hearing dangers would increase accident risks.",90
"99","social","s134","This is about how to incorporate a heart monitor into your high-intensity interval training so it is less daunting and more enjoyable.",58
"100","social","s136","This article matters to people I know because climate change affects everyone and they can benefit from tips on reducing waste to help in the efforts.",11
"101","social","s137","Climate week allows for activist and world leader emphasized the need of going green.",83
"102","social","s139","There are campaign ads that are focusing on global warming.",95
"103","social","s140","Because childhood obesity is on the rise and I know people with kids",92
"104","self","s141","Loads of people displaced because of a hurricane.",13
"105","self","s143","Australia helps for burning coal in future.",43
"106","self","s145","It makes me anxious for the future of humanity as global weather patterns change due to Global Warming.",91
"107","self","s146","The article is attempting to shed new light on G.M.O.s in order to combat certain assumptions on them.",102
"108","self","s147","It matters to me because I am getting older and it is best the start early to maintain our bodily functions than to be too late.",14
"109","self","s149","Obesity is the big problem of teenagers nowadays.",74
"110","social","s150","It's about how heart and blood-related problems are tied to an increased chance of developing Parkinson's Disease.",82
"111","self","s151","Everyone should try and work on natural forms of weight loss, etc instead of depending on supplements",10
"112","social","s153","The article is about recycling and 6 things you may not be recycling correctly",69
"113","self","s155","Bananas might be better than sports drinks.",68
"114","social","s156","This article is about Greta, the climate activist, and how she got where she  is today.",65
"115","self","s157","The article about child's play is good for all of Us.",12
"116","social","s159","MELTING SNOW AND ICE",25
"117","self","s160","This is important because I always want the most effective way of cleaning products without wasting too much materials",47
"118","self","s161","EXERCISE ALONE IS NOT A WAY  TO WEIGHT LOSS BECAUSE IT GIVES A LONELINESS FEEL SO EXERCISE WITH A PARTNER IS A BEST WAY TO WEIGHT LOSS AND ENJOYING THE WORKOUTS",6
"119","social","s163","If you eat plants with high counts of flavonoids you have a lower risk for cancer and cardiovascular death.",22
"120","social","s166","The article is about a person visiting McDonald's with their grandmother in both Korea and United States and how the grandmother could afford fast food in both cultures.",70
"121","self","s167","Lawmakers and lobbyist are attempting to weaken protections for endangered species.",89
"122","self","s168","This article is about an endangered porpoise.",101
"123","social","s170","this will be an attention for my fellow people about their diet",66
"124","self","s172","I know that I personally walk pretty fast, I have never thought about how I walk around other people though.",36
"125","social","s177","People I know will be affected by climate change",25
"126","self","s178","This explains some of the risk factors that contribute to developing Parkinson's disease.",82
"127","self","s184","The banning of sugary drinks was related to improvements in health at the University of California, San Francisco.",94
"128","social","s185","This article matters to the people I know who exercise because they are always complaining of sore muscles.",40
"129","self","s186","Climate change can contribute to the intensity of heat waves by increasing the chances of very hot days and nights.",53
"130","self","s187","This article matters to me because I care about protecting the environment and I want to know how these things were voted on and by who.",75
"131","social","s189","Many people are still building homes in flood zones despite warnings.",23
"132","social","s191","Peoples are affected with metabolic disorders",74
"133","self","s192","A Silicon Valley company is trying to find out what sections of land may be underwater in the near future, which is a difficult task but with financial potential.",59
"134","self","s193","Recent days most mammals can died so we should save it for rehabilitation.",101
"135","self","s194","A study shows that people who exercise more are less likely to develop dementia.",34
"136","self","s195","I might want to have healthy organs in my future.",46
"137","self","s196","It is about how a tide is destroying the Florida Wildlife.",39
"138","social","s197","plants protein  will reduce the cardiovascular death is a good news, i will pass this information",64
"139","self","s198","This article make feel fearful and worried.",85
"140","self","s200","Article is about Solid food for babies",44
"141","social","s201","you would think they would do more to lobby for politicians who support climate action.",87
"142","self","s202","People should take care of their weight",54
"143","social","s204","Recovery funds aren't being properly utilized for recent national disasters.",13
"144","social","s205","87,000 TONS of plastic floating between California and Hawaii, and growing exponentially??! That's horrible.",79
"145","social","s206","Everyone should take care of it above disease",82
"146","self","s207","I do not want to spend another summer indoors because the smoke is so bad. This is in our backyards already and it's happening in other places that it shouldn't.",7
"147","self","s208","womens dicrease level of meat eating",52
"148","social","s210","What the people had to say about climate change during the elections.",75
"149","self","s211","The article is about Greta Thunberg, a Swedish girl who became a global symbol for climate action. It details the path she took and how her act of civil disobedience propelled her to fame",65
"150","self","s212","30 vaquita porpoises",101
"151","social","s214","read this to see what you can do to prevent kidney stones",46
"152","social","s215","Healthy lifestyles start early!",92
"153","social","s216","How exercise is good for children.",12
"154","self","s217","It looks like A.I. can help with treatment of cancer.",104
"155","social","s218","It was about different type of meat cholesterol level",50
"156","self","s219","It is about climate change increasing the dangers of wildfires",7
"157","social","s222","My Bariatric Solutions is owned and operated by Wise Health System. The East Campus of Wise Health System has undergone an independent, voluntary, and peer evaluation in accordance with nationally recognized bariatric surgical standards and has been accredited for bariatric surgery",0
"158","self","s223","This article is about calling into question the validity of CBD and whether or not is effective and has health benefits.",88
"159","self","s224","If you take statins, beware of risk of staph skin infections.",80
"160","social","s227","learning about flavonoids and its uses creates positivity",22
"161","self","s230","Who we are culturally determines how we walk and with who. As for myself, I walk at a slower pace and tend to walk about the same speed as my wife. I have been with others that walk much faster than I do. I don't change my speed for them though.",36
"162","self","s234","I'm always looking for reasons to be hopeful about climate change.",81
"163","social","s235","Tirumala says that in five years we will have enough to engage in this kind of recipe",87
"164","social","s236","This article matters because it includes information about longevity",16
"165","self","s237","BANANA REPLACE SPORTS DRINKS",68
"166","self","s242","How workers at a university saw improvement in their  health after a ban on sugary drinks was put into effect.",94
"167","self","s243","Not aa runner myself but this seems applicable to any fitness endeavor",62
"168","social","s246","This matters because we all will be affected by climate change, whether directly or indirectly and my family includes youth who are interested in climate change.",109
"169","self","s248","This article also claims global warming. It explains the impacts of The Kincade fire in California. Our government should takes step to control this fire",17
"170","social","s249","ads about climate change are being put on the agenda",95
"171","self","s250","This article matters to me personally because I am responsible for my town to clean the environment.",67
"172","social","s251","This matters to my family because all my brothers and sisters have children of their own and we want them to eat healthily.",2
"173","social","s255","I actually preach this stuff already to the people I know, so this would just be further ammunition for me to load into my truth gun. It matters because every little step helps.",55
"174","social","s257","because we have to know about the coal and climate change",41
"175","self","s258","Land conservation bill will affect the environment and it is not good for people.",19
"176","social","s259","It explains the danger of climate changes in the four continents.",97
"177","self","s260","I have high cholesterol and knowing this makes me want to change my diet.",50
"178","social","s261","Avalanches getting stronger",45
"179","self","s262","It's always good to be lighter in weight or average than to carry high body fat around.",54
"180","social","s265","Losing weight is a combination of things, not just exercise.",6
"181","self","s268","Tells me how I can stay healthier by using less sodium and more calcium rich foods to avoid kidney stones.",46
"182","social","s270","White or red both have some toxic within it",50
"183","self","s273","wildfires will harm many people and that makes me worried for others.",7
"184","social","s274","It is very useful for peoples",1
"185","social","s275","Some environmentalists think that Nuclear Power is good?",51
"186","self","s276","It was about the climate changes was affecting the america and the government was vulnerable the free aids.",13
"187","self","s277","haet wave nudged earth to its hottest month ever.",91
"188","self","s278","Very interesting article! I have been trying to maintain a healthy lifestyle lately with regular exercise. Studies like this provide me with the motivation to continue!",56
"189","social","s279","This article matters to people to understand the early effort to ward off climate disaster.",37
"190","self","s280","Its about being overweight causing cancer.",54
"191","self","s281","I would be so curious about this article that I would want to read it.  It has certainly peaked my curiosity!",5
"192","social","s283","people i know ,icht purchase homes in these flood prone areas",23
"193","self","s287","This article is about helping the earth consume less and a Democratic plan to address the issue of the climate changing.",31
"194","self","s288","A victory for coal is a defeat for all breathing mammals who inhabit this planet.",21
"195","social","s292","We might get financial help to purchase electric and hybrid vehicles if Democratic climate change proposal passes.",73
"196","social","s294","American fast food makes some people i Know crazy with the kind of interest they have in it",70
"197","social","s295","Because many of the people I know live in these areas",105
"198","self","s297","Australia will be able to mine for coal.",21
"199","social","s299","It's important to know nutritional and health information in order to safeguard our bodies from illnesses and cancer.",22
"200","social","s300","people are prepared against future natural disaster",53
"201","self","s301","The downsides of a gluten free diet.",66
"202","social","s303","Our world could face many disasters",99
"203","self","s305","I want to be a parent one day so this might be something to know",92
"204","social","s307","that pretty awesome",5
"205","self","s308","It is about usage of single-use plastics.",55
"206","self","s311","This article matters to me personally because I'd like to build strength in my arms. It'd be great to be able to work only 13 minutes a day to get results.",48
"207","self","s313","I like to learn about the scams of Big Pharma.",80
"208","self","s314","Consuming processed meat such as deli meat has been found to increase the chance of contracting colorectal cancer even in small amounts.",28
"209","social","s316","The article is about the misperception that we must slow significantly as we age.",76
"210","self","s318","A.I. is being used to help predict, treat, and possibly prevent breast cancer.",104
"211","self","s319","This is about the climate change and it is very useful",71
"212","self","s320","This is about babies food and sleep",44
"213","self","s321","This article is about company related risks",87
"214","social","s322","This is relevant to people I know who live in areas of the country where floods are likely, especially as climate change ramps up.  This could help protect them against potential financial devastation if they were to lose their homes to a flood.",53
"215","self","s324","Many people don't lose weight when they exercise because they also eat more.",78
"216","social","s326","Exercise can refresh our mind and body. This article describes about the Exercise will aging Muscles and Immune systems young and they gave older cyclists has their live example",18
"217","social","s327","person's weight control",48
"218","social","s328","This is about how people are not buying insurance even though floods are more likely in certain areas.",53
"219","social","s329","This article is about eating Quality foods for weight loss.",8
"220","self","s330","Why coal? It's the year 2020 and I don't understand why some people don't want to move on to something more environmentally safe. I guess the conservatives everywhere, even in Australia don't care about our planet.",21
"221","self","s331","We should reduce the emission of carbon dioxide.",75
"222","social","s335","This is to make known that various climatic conditions also affects the production of activities such as automobile activity",71
"223","self","s337","The article explains how a vegan diet is not compatible with the disease of gout. It suggests that the solution is giving up some healthy foods the author loves.",26
"224","social","s338","They at the very least purchase GMOs so they could find it useful to know more about them/the people that oppose them.",102
"225","social","s344","It is important to pay attention to your nutritional needs in order to stay healthy. Not all can have Gluton-free diets.",66
"226","self","s345","This shows people how heart issues and diseases could cause them to have Parkinson's.",82
"227","social","s348","We all need to cut down on those sugary liquid",94
"228","social","s349","Heavier people are more at risk for cancer",54
"229","social","s352","This article matters to people I know because it will make them to knw more about climate change",53
"230","social","s353","This article is about climatic change for polar bears.",77
"231","self","s358","It made a big impact on my health",8
"232","self","s360","Dogs gives us a great feel to stay with it. It could be like a human. Dogs do some good works for human. In some country dogs use to help the blind persons to get their places.",38
"233","social","s361","I have young nieces who are very concerned about climate change, so an article about young people taking action against this issue is uplifting and makes me think of them.",27
"234","social","s363","Article might be important to people that exercise a lot.
It's about staying fit with the right amount of exercise but not only - there could be other factors involved.",6
"235","social","s364","Some people I know love the environment and they want to know information regarding it.",107
"236","self","s368","I currently have interest in learning more about weight loss.",6
"237","self","s371","Government is not helping by spending toward relief even though disasters are getting really bad.",13
"238","social","s372","People that are not really for use of coal in Australia could be affected by the harm it can cause and it affects certain people I know that live there.",43
"239","self","s373","A judge stopped a company from stopping an investigation on climate Change by Exxon.",3
"240","self","s375","I sometimes struggle to loose those ""stubborn"" lbs (really fat deposits) even though I exercise. It is mainly the infamous ""Love Handles"" that are stubborn. This article will probably have some insights and outsights about those ""stubborn"" lbs.",78
"241","social","s380","This might be relevant information for anyone who develops cancer later in life.",24
"242","social","s386","the important part about this article is that buying a suv will affect the climate",103
"243","self","s387","certain ads are bringing attention to climate change",95
"244","social","s390","the govt aid left America more vulnerable to hurricane Dorian and other climate  is making problem wore",13
"245","self","s394","dancing is my best attitude and my style always and i am very enjoy",14
"246","social","s395","this article is about the disease (Parkinson's disease)",82
"247","social","s396","Hearing loss increased injuries to driving, sports.",90
"248","social","s399","New science about bacteria could help runners be faster.",72
"249","social","s400","It affects the livelihood of everyone.",87
"250","self","s401","Eating fish may makes children's smarter",30
"251","self","s402","People should avoid sugary drinks to live long and healthy",32
"252","social","s403","people dont know anything about GMO's but hate them",102
"253","social","s406","This article is a comparison about plastic bags and paper and the pros and cons of each.",57
"254","self","s411","i did not read this article but wind turbine is neccessary one and it is very useful for farmers",1
"255","self","s412","The S.U.V.s most  sale  for car",103
"256","self","s414","I personally care about children and the environment so I like the idea of promoting fish over cows or other meats.",30
"257","self","s415","I would update this to some of my friends who are dieting fans",66
"258","self","s418","this article matters to me personally because I do not want the cold or flu.",100
"259","self","s419","climate change is important to me and i'd want to see what made these go viral",95
"260","social","s420","Due to climate change, the glacier will collapse and it will increase seawater level it's causing a major disaster in future.",45
"261","self","s421","Climate change is important and it means preserving a future for my children and their children and their children's children.",11
"262","self","s422","The worsening of climate change matters to me because I live on the coast.",45
"263","social","s423","Intermittent fasting helps people eat less food.",0
"264","self","s425","The combination of movement and socializing in dancing makes me realize how important it is to keep engaging in regular exercise and social activity, which would make dancing an ideal choice for me.",14
"265","self","s432","This article is about a bill proposal Chuck Schumer made to give Americans vouchers to buy electric cars.",73
"266","self","s434","protect against major killers",22
"267","social","s435","It is about aging and a new perspective about how much you could do in order to keep physically active.",76
"268","social","s436","if the food was uncontrolled, weight will be gained.",78
"269","self","s437","GMO its intreacted two plants like food and flowers etc..
its really not good for health",102
"270","self","s439","Our bodies ability  to ward off sickness may be due to a partnership of good genes, healthy living, and chance.",100
"271","social","s442","consuming a lots of antioxidants through foods or supplements may not reduce muscle soreness after exercise due to the vitamin deficiency.",40
"272","self","s444","This article is about flooding which arises as a result of climate change",25
"273","self","s445","due to weight loss take much amount of protein",10
"274","self","s446","Having a heart monitor can make your high intensity training fun.",58
"275","social","s448","The article suggests that there is some evidence that eating fish makes children smarter, and it seems to be advising pregnant women and parents to incorporate more fish into their, and their family's, diet.",30
"276","self","s449","This article describes the discussions at the TECH Conference in San Francisco.",81
"277","self","s450","Celebrity Chef Tom Colicchio talks about farmers market shopping.",20
"278","social","s453","this article is about fitness our body",56
"279","social","s454","Too many sugary drinks cause cavities and diabetes. Premature death from this is stupid.",4
"280","self","s456","This article tells about important of exercise",76
"281","self","s457","This article is about how Egyptian leaders in the past tried to fight climate change by using their resources.",37
"282","social","s460","People I know are very concerned about the short and long-term dangers of climate change and the protection of the environment matters to them.",1
"283","social","s462","This affects everyone, so I recommend checking this out.",109
"284","social","s463","this would raise awarness about being overweight",54
"285","social","s466","If you are in good physical shape, it may be healthy like not smoking.",16
"286","social","s467","Effect of the climate change Polar Bears are affect more.",77
"287","social","s470","about antioxidants not helping alleviate post exercise muscle aches",40
"288","self","s471","This article is about how one very rich person could get 3 countries to continue burning coal for years even though it has future risks.",43
"289","social","s473","race give a reason  to  have something  new",62
"290","self","s475","I am really big on budgeting",70
"291","self","s478","This article matters to me personally as am afraid that the climate change would cause more trouble to the companies growth and working people job.",87
"292","social","s479","We need to shine light on this as many people encroached their grass and it can cause wildfires which has hurt us recently",63
"293","self","s481","It's about the senate passing new legislation about conservation",19
"294","self","s482","Paper and plastic which gets exported to China for recycling is sometimes not getting recycled but instead is being dumped into landfills; thus when you recycle materials they may not be getting recycled at all.",49
"295","self","s483","When you lose one of your key senses, the sense of hearing, it leaves you vulnerable to physical injury dur to accidents",90
"296","social","s485","Babies who get solid food at 3 months sleep better",44
"297","self","s487","It personally affects me",58
"298","social","s488","how bad is to eat deli meat",28
"299","self","s490","This article suggests ways to improve sleep of babies.",44
"300","social","s492","I think this is just common sense advice and it's why a lot of my friends try to do at least some type of exercise.  My husband is a fiend for exercising and in the ten years we've been together, he's never needed to see a doctor for anything.",16
"301","self","s493","Exercise is good for children, and it could save the US 120 billion a year",12
"302","social","s494","This message relevant to people...very worried about content",93
"303","social","s495","This matter because cost will go up significantly hurting the economy",9
"304","self","s496","healthiest one in meal these are",26
"305","social","s497","I think this article is about a person describing their grandmother's delight in fast food and how cheap it is.",70
"306","social","s498","Obesity, high blood pressure, high blood sugar, high cholesterol, and whatever a triglyceride is could lead to people developing Parkinson's at a greater rate.  More dangers of obesity and poor diet, I imagine.",82
"307","self","s499","oil industry now face a new restriction , it affects their business",29
"308","social","s502","This article is important for current events. It's information people need to know and that matters. The economy and the environment, issues that must interest us all.",9
"309","self","s504","This article matters to me personally because I am very interested in increasing my exercise and trying to be more healthy in the upcoming year. I intend to push myself more than I ever have, so this directly relates to my life.",56
"310","social","s505","The article suggested environmentally friendly products that my environmentally conscious friends might find useful and relevant.",47
"311","social","s506","AI is being used to search out and prevent or predict breast cancer for better treatment. This matters to people I know because I have friends and family who have struggled with breast cancer and their children and relatives could benefit from this new technology.",104
"312","self","s507","we have the technology to do so much better than burn gas.",71
"313","self","s512","The benefits of exercising",56
"314","social","s513","People who exercise and don't lose weight are most likely eating more without realizing it",78
"315","self","s514","Kidney stones are so painful good to know how to prevent them.",46
"316","self","s515","Taking Vitamin D may help pregnant woman.",60
"317","social","s516","people need to know about solar energy and it is knowledgeable thing to know",93
"318","social","s517","It affects me exercise alone",6
"319","self","s520","The article is about how dieting, smoking cessation, exercising and managing stress can help remove plaques in arteries to reduce the chance of heart attacks.",84
"320","self","s522","It's about a wealthy industrialist who kept the world burning coal longer than anyone anticipated.",43
"321","self","s526","Because I have a relative with dementia, it is very important to me to prevent this.",34
"322","self","s527","Eating fish might make me encourage others like kids and women who are pregnant to stay healthy.",30
"323","social","s529","Senator Schumer's climate plan would give vouchers so consumers could buy electric vehicles.",73
"324","self","s530","plastic usage is dange one",55
"325","social","s531","We knew there was a benefit to getting up early and doing what we do!",56
"326","self","s532","I believe that is important based on what we feel like is important to our health and our mental welfare.",34
"327","social","s533","this could help out people recover better who I know that work out regularly",68
"328","self","s535","This article is about the paradoxical nature of obesity and its effects on health and mortality.",108
"329","self","s537","It makes me feel like our studies and results are keeping us indecisive on what is going on with climate change.",35
"330","self","s538","I have three school-aged children who could benefit greatly from such a program.",86
"331","social","s540","This matters to people i know because climate change is going to be something that effects us and our kids.",13
"332","social","s541","If you  want your baby to sleep better, giving them solid food at 3 months will help.",44
"333","self","s543","It's nice to know the people of earths history and how we came to be",37
"334","self","s544","My society was not clean. So this article matters me personally.",107
"335","social","s545","Hard of hearing? It could cause you more accidents.",90
"336","social","s546","Some people I know still don't recycle.",55
"337","social","s547","It matters to people I know because it would give them a reason to stay active.",34
"338","social","s548","Peoples are must knows how to proposed to remove protections for species.",89
"339","social","s551","excelent option this is the best form to prevent illness",86
"340","social","s552","This is something that is extremely bad for our environment. Coal is known to be something that affects our climate in a bad way and people should be concerned.",21
"341","social","s553","Science is rethinking a healthy weight and diet.",8
"342","social","s554","May be the people who hate these food items want to see,how much the nutrients does the spinach has.",42
"343","self","s555","it is about to save earth",31
"344","social","s558","Climate change is going to have a large impact on society.",7
"345","social","s559","it is about some disorder",96
"346","self","s561","I am ambivelent towards climate change and its causes. A global stike will prove nothing.",27
"347","social","s563","There's always a debate about which is worse, filling the landfills with plastic, or cutting down trees to make paper bags.  This might help answer those issues for you.",57
"348","social","s567","A lot of the people that I know live in the south or midwest.",54
"349","self","s568","Its an introduction and impact of some snake oil which researchers were thinking about.",88
"350","social","s570","This article is about having my own wind turbine.",1
"351","social","s571","My parents have a home in Florida that is on the water and whenever I hear news about climate change based flooding I get a little nervous.",25
"352","self","s572","This topic strikes my interest in several ways, what most makes it important is the curiosity I have about the studies being used to conduct these tests. A gut bacteria supplement sounds both interesting and scary because the example used was mice running faster. This would peak my interest to learn more about the supplement itself and how the study on mice was conducted.",72
"353","social","s574","This article would be relevant to people I know because they are of older the Aging population and this might be a way for them to improve their cognition.",14
"354","social","s575","Most people I know are against this.",61
"355","self","s576","A lot of people I know drive SUVs and the climate affects me and the world.",103
"356","self","s577","People who think they know the most about gmo's know the least about them it has been shown.",102
"357","social","s578","Global warming is causing weather patterns to become more erratic and dangerous. Despite this, evacuation of people in dangerous areas affected by storms is improving.",15
"358","social","s581","Nowadays, young adults are aware about climate change. It is a good one.",27
"359","social","s582","My Mom and I walk really fast, so it's curious to know why we all walk at different speeds",36
"360","self","s583","nature of women and child having interest to eat fish and make them smarter.",30
"361","self","s584","Climate change could wreak much more havoc if something isn't done soon.",97
"362","self","s587","Breakfast is the grossest meal anyway.",0
"363","self","s588","This article is about climate change and politics.",75
"364","self","s589","Being overweight can cause long term problems.",108
"365","social","s592","So bad health creates health problems, shocking.",82
"366","social","s593","It is about Climate change and research how the polar bears affecting by the climate change.",77
"367","social","s594","The article is to make awareness for the people to save food.",20
"368","self","s595","Climate change and the failure of European Union to respond to it.",41
"369","social","s598","This article matters to people I know because it informs them of common factors in their lives that increase their risk of developing Parkinson's disease.",82
"370","social","s599","exercise is good for health and and aged peoples also look like young when we do exercise",18
"371","self","s600","I grew up on unhealthy eating habits",92
"372","social","s602","bananas are delicious and sports drinks are expensive",68
"373","social","s606","This article is most useful to pregnant women.",30
"374","self","s608","pertains to overall strategies for optimal health",6
"375","social","s610","Flood control is an important step to take by the government to save lives of people",25
"376","social","s613","Energy companies are trying to change certain laws regarding fuel efficiecy rules.",29
"377","self","s615","issue about climate change of our country",35
"378","self","s616","The peoples are no smoking because this is nod good for in life.",16
"379","social","s618","People will get vouchers to help purchase cars with a new government proposal.",73
"380","self","s619","Genetically Modified Organisms",102
"381","self","s620","It potentially has information that would be useful for my toddler as they continue to grow.",86
"382","self","s621","This will help me reduce my carbon footprint.",57
"383","self","s622","Americans plastics and papers are been dumped in landfills cause china stopped recycling most foreign garbage",49
"384","social","s623","Challenge is must in the sports",62
"385","self","s624","I exercise so I am so happy that it is so good for you.",16
"386","social","s626","The article matters to people because it tell about Recycling in correct way.",69
"387","social","s627","I know some old people",14
"388","self","s628","This article is very important to me.Because I always use reusable products",47
"389","self","s629","This is a very useful information.",22
"390","self","s630","The article is about discussion ranged in the conference",81
"391","social","s631","By the end of this century? Good to know we'll all be gone. What's left of the world can fend for itself.",99
"392","social","s634","People should be informed of healthy choices.",32
"393","self","s635","This is going to cause more emissions being released into the air I am breathing.",29
"394","self","s636","They are going to drill for oil in an Arctic Wildlife Refuge!",61
"395","self","s638","This article deals with  giving permission to take  oil and gas exploration in Artic Wild life region.",61
"396","social","s639","Scientists have not found much proof about the benefits of CBD.",88
"397","self","s640","I personally have the analyzing the pressure of the bones...",98
"398","self","s001","A skier trying to save snow and a scientist who won a prize for mapping peat.",5
"399","self","s002","Diabeties and those who are in diets can follow  gluten free",66
"400","social","s003","A breakdown of the elections and how the votes involving Climate Change went.",75
"401","social","s004","This is helping to prevent expansion and exploitation of greedy energy companies from polluting and destroying these lands.",19
"402","social","s005","5 Takeaways from Climate TECH recent conference. Took place in San Francisco. Topics include, new technology, big data, lab grown meat, new governor candidate and more.",81
"403","social","s008","Going green is not only helps the environment it also helps save money so I want people to know",83
"404","self","s009","Potential risks of gluten-free diet on healthy individuals",66
"405","social","s010","it warns of a possible health issue they can take steps to reduce the risk of",82
"406","social","s012","People who care about the environment should be concerned that SUV's are preferred cars.",103
"407","self","s014","Climate change is such a concern to me.",7
"408","social","s015","This is about staying healthy with a hectic schedule.  Using only 13 minutes of your time to exercise a day.",48
"409","social","s017","Relevant authorities join hands to overturn the endangered species Act.",89
"410","social","s018","Research is indicating that low impact exercise may not be putting enough pressure on the bones causing harm to the bones.",98
"411","self","s019","This article is about how how to tackle eating disorders when you are in a relationship.",96
"412","self","s020","Plaques in arteries can be improved through various activities, which will in turn decrease the likelihood of heart attack.",84
"413","self","s021","This article matters to me because I have nieces and nephews who I babysit, and would like for them to get as much rest as possible.",44
"414","social","s024","A lot of my friends are car owners and this kind of thing directly affects them.",29
"415","social","s025","This article matters to people I know as they need to monitor their own health and to keep their weight within a reasonable limit in order to minimize health impacts.",108
"416","social","s028","It is related to my known people as it is about perfumes",107
"417","self","s030","Some diseases like abdominal obesity, high triglycerides , high cholesterol may cause severe diseases like Parkinson disease , where most of the people have obesity and cholesterol problem  and so it matters me the most",82
"418","social","s031","Reduction of carbon emissions.",41
"419","self","s032","This article explains the risk of colorectal cancer to those who consume many products that contain processed meat.",28
"420","self","s036","Exercise can damage bones.",98
"421","social","s037","Parkinson's disease related around us",82
"422","social","s038","There are supposedly healthier proteins with plant based proteins than a majority of people who get it through meat and poultry.",64
"423","self","s040","it is related to me because my gluten-free.",66
"424","social","s041","This article is promoting a heart monitor for people who are afraid of getting a heart attack from High-intensity Interval Training.",58
"425","social","s042","In all of the children who currently are sedentary started exercising every day, societies could save enormous amounts of money in the coming decades and have healthier citizens as a whole, according to a remarkable new study.",12
"426","self","s043","The chicken little tactics must carry on.   Global warming is a myth, further study is needed.",11
"427","social","s045","because most people i know care about the climate and how to try to fix the issues that earth is having",71
"428","self","s046","training make body fit but doing the interval and make with heart monitor make more easy and fun
",58
"429","self","s048","Explaining ways to avoid kidney stones.",46
"430","social","s049","People I know want climate change to be more acknowledged by the general public.",95
"431","self","s051","The article will discuss the status of polar bears and how they have been affected by climate change.",77
"432","self","s052","This article is about two things....i.e. an olympic skier wants to save snow and Scientists win $1 million prize for mapping peat.",5
"433","social","s053","Low-impact sports might not put enough pressure on bones to help them.",98
"434","self","s054","The effect of the climate change. It will come big issue on next five years.",87
"435","social","s055","This article could show that climate change and global warming is really happening.",91
"436","self","s056","Use less consumer products to get cleaner air.",107
"437","self","s057","I was in FL when this happened one time. The ocean had red blooms and a horrible smell. There were dead fish lying on  the beach. The wildlife is not only exposed to the alga but to the tons of trash dumped in the ocean that kill them. People need to wake up to what is happening!",39
"438","self","s058","We need to reduce coal use, our future depends on it.",21
"439","social","s062","Living in a coastal state, the matter discussed in this article is very important to myself, my friends and family. While the article seems more about the lucrative side, learning about how start-ups are coming across this information and how they are learning this could give readers insight into the risk of climate change.",59
"440","self","s063","Young people are taking part in a global strike regarding climate change.",27
"441","self","s064","fitness may be key to staving off dementia",34
"442","social","s065","This article matters to people I know because I have a lot of people in my circle who are trying to get healthier and more fit.",78
"443","social","s066","Save the snow....and peat",5
"444","self","s067","Multi-billion dollar companies whining about the fact that they have to only make 99 billion instead of 100 billion to save the planet.",87
"445","social","s068","People could lose their jobs over this, or take pay cuts.",87
"446","self","s069","This is about a study and how obesity may decrease your life span.",108
"447","self","s070","Not surprising, a lot of oil flows into and out of Colorado.",105
"448","social","s072","This article matters to people I know because they are against wasting food and enjoy farmers markets.",20
"449","social","s073","This matters because it explains how I and everyone I know are mostly powerless to do anything to make the world better.",43
"450","social","s074","Obesity is a big problem in the US and Mexico where I come from",108
"451","social","s075","moving to the next level of tecnology",93
"452","self","s076","it makes me feel hopeful and positive about my health as I get older",14
"453","social","s078","A Korean grandmother found a way to stretch her dollar at American fast food chains.",70
"454","social","s079","driving suvs causes climate change",103
"455","self","s080","Our world is beginning to crumble around us and it feels like no one of importance wants to do anything to help.",45
"456","social","s081","It is an awful thing to see and hear about",79
"457","self","s082","This article is about how antioxidants will not cure muscle ache after a workout.",40
"458","social","s083","It matters because it gives me a clue on how to lower my risk to the disease.",82
"459","self","s084","global warming is real and causing more problems every day",15
"460","social","s085","This article would give people I know hope that the next generation is willing to fight against climate change.",27
"461","self","s086","Older cyclists are healthier than other people of their age group due to the amount of exercise.",18
"462","self","s089","Global warming is causing more violent storms, and it might be getting worse.",15
"463","social","s090","Energy giants and conservative groups are fighting Trump's fuel efficiency rules.",29
"464","social","s092","BOKS program can be useful for the parents.",86
"465","self","s093","Scientists are trying to save the last a  porpoises  because they are exctinct",101
"466","self","s095","Recommendations for alternative cleaning products for disposable, one-time use items and their effectiveness",47
"467","social","s097","This is about the plans in Congress to help people buy electric cars",73
"468","social","s099","Is it really surprising that being overweight and cancer can go hand in hand?",54
"469","social","s100","This article matters to people I know because it provides information on building a new home in a flood zone, despite climate change.",23
"470","self","s101","Adding fish to your diet increases intelligence.",30
"471","social","s103","Because they keep producing coal that we continue to use that potentially causes risk in the future.",43
"472","self","s104","This article is about how the use of solar power is increasing but fossil fuels still account for a lot of electricity use.",93
"473","self","s106","The article is about the benefits of extra intensity in exercise.",56
"474","social","s108","How exercise, specifically bicycling is very healthy for people and keeps them youthful.",18
"475","social","s110","vegan may be healthy but he or she need more calcium",26
"476","self","s111","The effects on cholesterol that red meat vs white meat have.",50
"477","self","s112","Romantic partners could prove helpful in aiding their partner with an eating disorder.",96
"478","self","s113","Its about how large companies are facing large amounts of money in climate related risks",87
"479","social","s114","This article is about how climate change is many natural disaster more prevalent, and they could happen at the same time.",99
"480","social","s115","Many of my family members suffer from obesity and diabetes. Getting in shape could be just the thing that brings us together and helps us live longer.",56
"481","social","s116","Tides are killing people and it has to do with toxis. THere needs to be more down for the environment.",39
"482","social","s117","disobedience makes severe action",65
"483","self","s118","Dietary supplements for weight loss, sexual function, and muscle building can have side effects that range from bad to fatal.",10
"484","self","s119","This article does not surprise anyone.",6
"485","social","s120","Take Vit D if pregnant to improve baby's teeth",60
"486","self","s121","A garbage patch in the Ocean may be bigger than originally thought.",79
"487","social","s122","on four continents record heat is having a negative effect",97
"488","social","s123","I think it's a hook for an article on climate change, which would matter to people I know because climate change affects everyone.",5
"489","self","s124","This matters to me because I am always up for healthy drinking.",68
"490","social","s125","Some of my friends have nieces and nephews of this age",44
"491","social","s126","to have  a healthy stuff for long live",26
"492","self","s127","if skier are saved the snow for snow season",5
"493","self","s130","This is about a failed initiative to reduce carbon emissions due to some eastern countries objections.",41
"494","self","s132","Encouraging kids to eat healthy",2
"495","social","s133","Our children will bear the full brunt of our short-sidedness.",91
"496","social","s134","Being overweight can contribute to cancer as shown in certain parts of the U.S. versus other parts where the rate of weight-associated cancer is low.",54
"497","social","s136","This article is about how exercise helps older people to be healthier and biologically younger.",18
"498","social","s137","Many individuals I know personally use CBD oil religiously. despite the claims there is not firm evidence of what the oil actually does.",88
"499","social","s139","Medical benefits are seen after banning sugary drinks.",94
"500","social","s140","Because everyone I know is having some hearing trouble",90
"501","self","s141","Saving money involving children",12
"502","self","s143","American cities recycles foreign garbage.",49
"503","self","s145","This makes me a bit happy because I've cut sugary drinks out of my diet. It helps affirm that decision.",94
"504","self","s146","The article is talking about the immune system and giving information on how effective it is against certain viruses.",100
"505","self","s147","Being physically fit and healthy can have many benefits that can lead to a healthy and long-living life.",16
"506","self","s149","The new study about Great Pacific Garbage Patch's Is Ballooning and counting.",79
"507","social","s150","This could affect my local schools by making children happier and healthier.",86
"508","self","s151","Climate updates are a necessary event in life",11
"509","social","s153","Bananas may be healthier than the sports drinks they are drinking",68
"510","self","s155","This article matters to me because I want to reduce my footprint as much as possible.",67
"511","social","s156","A new trend for runners are challenge (more difficult) races that vary the experience for runners.",62
"512","self","s157","The article about wilder storms.",15
"513","social","s159","DUE TO CHANGE CANCER CAUSING COMPOUNDS IN THE BODY",28
"514","self","s160","This is important because I always to gain strength fast",48
"515","self","s161","THIS ARTICLE AFFECTS ME PERSONALLY BECAUSE OF THE AMAZON FIRE IS THE BIGGEST FIRE ACCIDENT IN THE WORLD SEVERAL ANIMAL WERE DEAD AND SO MANY TREES WERE FIRED THUS AFFECTS ME PERSONALLY",7
"516","social","s163","Dr Blau, a cancer researcher who has cancer, has started a company to crowdsource a new individualized approach to how he handles and treats multiple myeloma.",24
"517","social","s166","This article matters to people I know because while people age, they don't have to worry about giving up their hobbies, exercising, or what they enjoy.",76
"518","self","s167","Deceptive health claims are bad for everyone and they personally disgust me.",88
"519","self","s168","This article matters to me because I am glad to see young people involved in the climate crisis.",109
"520","social","s170","health benefit of using vitamin d",60
"521","self","s172","I think that personally climate change is a huge issue for me and one I hope is addressed in the new presidential administration.",35
"522","social","s177","Many homes are being built in places that are prone to flooding
",23
"523","self","s178","As someone who formerly raised rare and endangered miniature farm animals, this concerns me greatly.",89
"524","self","s184","Needs to bigger roll outs for solar energy because fossil fuels are killing the planet.",93
"525","social","s185","Solid foods for babies may lead to better sleep.",44
"526","self","s186","Paper bags generate more air pollutants than plastic. They generate more water pollutants than plastic.I should avoid them.",57
"527","self","s187","This article matters to me, because this advance in science to help people dealing with obesity could help people I know and love.",74
"528","social","s189","The oil industry continues to have its hands in the pockets of influential politicians.",29
"529","social","s191","it's about new bacteria to make people run faster and it's unclear to work for people",72
"530","self","s192","This matters to me because I don't want to gain excess weight and I want to be healthy.",54
"531","self","s193","Due to some issues the two countries has joined together and have a fight",105
"532","self","s194","I am about to have a child so any tips on how to make my child smarter is helpful.",30
"533","self","s195","Post-exercise muscle aches might not be helped by antioxidants.",40
"534","self","s196","It is about how drinking sugary drinks causes a short life span",32
"535","social","s197","we should aware of how plastics affect the environment , this article may help people to realize the consequences",67
"536","self","s198","This article makes very fearful and anxious, that is relevant to my society.",80
"537","self","s200","Article is about cooking food and its nutrition values.",42
"538","social","s201","There's more doom and gloom about a substance that has been around since ancient times. We'd know more about it if it hadn't been treated like it was worse than the oxycontin they threw at everyone instead.",88
"539","self","s202","Who scared of High-Intensity should take a heart monitor",58
"540","social","s204","Climate meetings and reducing holiday waste.",11
"541","social","s205","Hmm...we may not slow down as much as we thought when we age. That's good news.",76
"542","social","s206","I dont know about the snake oil",88
"543","self","s207","This is an interesting study about the effects of food, our workouts, and how we deal with that throughout the day if we change one simple thing.",0
"544","self","s208","its about plastic and paper both have downsides",57
"545","social","s210","A pilot study on a probiotic that might help with obesity.",74
"546","self","s211","This article is relevant to me personally because it demonstrates how natural foods are still better than man-made alternatives when it comes to recovery. Bananas are a natural replacement for carbohydrates after exercise and help to boost recovery and may do so better than sports drinks which are significantly more expensive",68
"547","self","s212","Obesity paradox fails to holdup",108
"548","social","s214","figure out if food nutrients go up or down after being cooked",42
"549","social","s215","I'm thinking flood insurance will become a thing of the past... MOVE!!!",99
"550","social","s216","It is about the side effects of dietary supplements.",10
"551","self","s217","It's interesting what animals could be extinct in my lifetime.",101
"552","social","s218","meat will increase women breast cancer level",52
"553","self","s219","It matters because I look for ways to help the climate.",1
"554","social","s222","A federal judge in New York called a lawsuit brought by Exxon Mobil against state attorneys general in New York and Massachusetts implausible.",3
"555","self","s223","This matters to me personally as I want to stay updated about technology related news because I work in the IT industry.",81
"556","self","s224","I can help in a Green sense by changing energy provider.",83
"557","social","s227","Oil Industry's covert campaign to rewrite American Car emissions",29
"558","self","s230","The Arctic Council was unable to issue a joint statement on climate change because the U.S. blocked it. Climate change is important to me because I feel we have a lot of bad information from non-scientists who have a vested interest in their views. I want the evidence to broad based and backed up by data. Proper interpretation of climate helps determine where public funding goes. That is reflected in my tax dollars.",35
"559","self","s234","This is about the unknowns surrounding a marijuana extract.",88
"560","social","s235","This is to add to the population of people with the ability to easily handle dangerous procedures",80
"561","social","s236","this article matters because it includes information about how global warming is affecting us and how we are adopting to such changes",15
"562","self","s237","PLASTIC DOES NOT DEGRADE",67
"563","self","s242","It talks about how there could be more climate related disasters happening at the same time in the coming future.",99
"564","self","s243","Greta's journey. See how she got here",65
"565","social","s246","This matters because I know several people who own SUVs.",103
"566","self","s248","Our climate scientists should analyze the things behind natural disasters. If they properly do this thing, definitely they will find proper reason for climate change or global warming.",11
"567","social","s249","romantic partner don't know how to help their partner with a eating disorder",96
"568","self","s250","This article is about Running and runners.",62
"569","social","s251","This article is about US climate report that warns of damaged environment and a shrinking economy. The US would lose 10% of GDP by 2100.",9
"570","social","s255","The pro and cons to choosing either paper or plastic bags at the grocery store.",57
"571","social","s257","its about antioxidants don't ease muscle soreness after exercise",40
"572","self","s258","During holidays lots of food will waste and there are so many people do have food eat so share with them.",11
"573","social","s259","It explains the difficulties of hearing loss it is very useful news.",90
"574","self","s260","Trying to figure out rising sea waters can earn companies a lot of money/",59
"575","social","s261","We all need to find time to workout - this might help!",48
"576","self","s262","Climate change is real and we should all be paying attention to it right now.",59
"577","social","s265","The nature of the foods you eat may be more critical to weight loss than how much you eat or the amount of calories you consume.",8
"578","self","s268","The article tells that the recycling is not really being done that China really stopped using foreign garbage",49
"579","social","s270","This article shows the benefits of exercising",56
"580","self","s273","i think breakfast is super important so this article would interest me.",0
"581","social","s274","Because this is very useful for people",8
"582","social","s275","I know some people that live in these 'at risk' places.",59
"583","self","s276","It was about the exercise was giving a healthy muscles and great immune systems.",18
"584","self","s277","climate changes causes various natural disasters",99
"585","self","s278","I am trying to reduce my environmental waste and plastic use. This kit looks like it would be perfect!",55
"586","social","s279","This article matters to people to understand the cardiovascular fitness were less likely to develop dementia.",34
"587","self","s280","Using a heart monitor can make high intensity training better.",58
"588","self","s281","Exxons case on climate investigation is not going to go forward because the court has declared the suit to be implausible.",3
"589","social","s283","energy gisnts support Trumps roll back of fuel efficiency rules",29
"590","self","s287","It matters to me because it makes me hopeful that if I exercise I can ward off dementia.",34
"591","self","s288","Risk of flooding from global warming does not deter home-builders at all.",23
"592","social","s292","We may be able to cut down on exercise to help us lose weight.",78
"593","social","s294","the people I know believe that using electric car will reduce change in the climate",73
"594","social","s295","Because most of the people I know use deodorant",107
"595","self","s297","Young people around the world are protesting about climate change.",27
"596","social","s299","People can take action to preserve our planet and inspire change!",27
"597","social","s300","read about how to improvise your usage of plastics",55
"598","self","s301","Bananas replacing sports drinks.",68
"599","social","s303","research has raised concerns like sports activities",98
"600","self","s305","I live in a city that has flooded a lot recently, so I am worried about how heat waves will impact me",91
"601","social","s307","that is enlightening",0
"602","self","s308","It is about meat consumption and cholesterol level.",50
"603","self","s311","This article is about what to eat and drink to prevent kidney stones.",46
"604","self","s313","The unknown aspects of CBD.",88
"605","self","s314","A physician specializing in cancer research and who has cancer himself has founded a company to bring individualized treatment to cancer patients.",24
"606","social","s316","The article is about the floating garbage field in the pacific ocean and how it is much larger and faster growing than thought.",79
"607","self","s318","A study found that people who oppose GMOs know less about them than others.",102
"608","self","s319","Health tip is very important",78
"609","self","s320","I was affected in 2016 and it was very bad",45
"610","self","s321","This article is about heart disease",82
"611","social","s322","This article is relevant to most of the women in my life.  My mother has had breast cancer and anything that teaches them of ways to mitigate the risks is helpful.",52
"612","self","s324","It does not apply to me because I believe climate change is made up for political agendas from the left.",73
"613","social","s326","Child's play is always welcome. This article is about sedentary children and the responsibility of the United States if they exercise everyday then they can save billion dollars",12
"614","social","s327","health food for to prevent kidney stones ill",46
"615","social","s328","I know that me and a lot of others like using straws and water bottles",55
"616","social","s329","This article is about Wind Turbines, drones and the need for America to change it's attitude towards climate.",1
"617","self","s330","I do think eating deli meat really is unhealthy, from my own experience. My friend used to eat it all the time and he died from correctional cancer. There really could be a connection.",28
"618","self","s331","maintain proper diet ant is the slow process.",78
"619","social","s335","Making know to the people the amount that was released for the purchase of American-made elecric and hybrid cars and trucks",73
"620","self","s337","Coal power is one of the largest and most polluting energy sources available. The air circulates around the world, so increasing supply may decrease prices and ramp up demand, and pollute the air I breathe. It would also worsen conditions I experience with climate change.",21
"621","social","s338","They care about their own health and quite a few of them are at ages where cancer diagnosis can be very relevant to them.",104
"622","social","s344","This is to inspire everyone out there. It is important to always try something new even if it means leaving your comfort zone.",62
"623","self","s345","I think we really need to get our kids moving around in order for them to lead happy and healthy lives.",86
"624","social","s348","I agree. One need to monitor what the kids eat",92
"625","social","s349","The complicated relationship between nuclear power and the environment.",51
"626","social","s352","The article matters to people I know because it help to reduce the risk of cancer by reduction of weight",54
"627","social","s353","This article is about climate change and the elections.",75
"628","self","s358","This article about wind turbine was good",1
"629","self","s360","Staying home is also a better option and which is helpful spend time with the family people. Also it causes a better environment and for the pollution.",33
"630","social","s361","I have a dear friend who lives in Louisiana, which is very flood prone, and information regarding floods always makes me think of him.",25
"631","social","s363","It matters to people I know, because they care about this planet and want a better world for their kids.
Article is about consequences of climate changes right now.",7
"632","social","s364","Using robots to teach the new era of caring for cancer.",104
"633","self","s368","I feel knowing more about current climate challenges is really important.",3
"634","self","s371","I would probably pay less in taxes toward healthcare if more children became more active than they are presently.",12
"635","social","s372","Friends of mine are watchful over breastfeeding and general feeding of their newborns. This explains why my sister also breastfed her children because it is healthier for them.",44
"636","self","s373","There are other key reason to lose weight.",6
"637","self","s375","It's about the well documented and well known Plastic waste that ends up in our Oceans. The Ocean currents and wind drive them to a certain area where they accumulate and impact so much of the Ocean's wildlife and also end up on some beaches.",79
"638","social","s380","I know people in live near flood zones.",23
"639","social","s386","certain states are suing the oil and gas giants",105
"640","self","s387","the person you are dating want to help with your eating disorder",96
"641","social","s390","global warming is bringing an era of wilder",15
"642","self","s394","best of supplement in my life",10
"643","social","s395","The BOKS program and Before-school exercise program and also for a children's concern",86
"644","social","s396","Climate change facing problems.",99
"645","social","s399","Automakers seem to have a shift in their thinking about climate change.",71
"646","social","s400","It helps people to live a positive natural life.",83
"647","self","s401","The climate changes seems to be the major problem right now, due to this the chain will gets break and goes on out of control",35
"648","self","s402","This would be better one to follow",31
"649","social","s403","the vaquita are near extinction",101
"650","social","s406","People I know care about our environment and safety and want to know about the future effects climate change will have.",59
"651","self","s411","weight loss is neccessary one most of the people works on simply sitting work so they had a over weight so they control their food and diet cut back on added sugar grains without worrying about calories",8
"652","self","s412","obesity was high risk .climp amoung americans adults",106
"653","self","s414","I enjoy reading about Ancient Egypt and how they handled things.",37
"654","self","s415","unknown details about wildfires !!!",63
"655","self","s418","This article matters to me personally because I want to live a long healthy life.",108
"656","self","s419","I think it's important for people who are going through things to have a great support system.",96
"657","social","s420","Based on this study hard work exercise will build a strength with in 13 minutes and it's really useful to work on.",48
"658","self","s421","Being too sedentary is not good for children and it would be best for their health if they were more active, it could even save up to $120 billion a year.",12
"659","self","s422","If that's the case, will there be more landfills popping up around me?",49
"660","social","s423","Climate change is making wildfires worse.",7
"661","self","s425","This article stresses the importance of fitness and a long life.",16
"662","self","s432","This article is about a bacteria supplement made from a bacteria found in the gut that helped mice run faster.",72
"663","self","s434","Trump is involve this matter",29
"664","social","s435","It is an interesting approach and perhaps some people I known will take this piece of information to improve their physical condition.",72
"665","social","s436","She have a well experienced about price differentials between Asian, Hispanic, and white markets.",70
"666","self","s437","unity is best policy i think so",105
"667","self","s439","The sad story of a near endangered animal that was not able to be rescued, despite a valiant effort by a team of scientists.",101
"668","social","s442","we do not build strength in 13 minutes. it is impossible in 13 minutes. we have to put a hard work month or year.",48
"669","self","s444","This article matters to me personally because it helps me to know one of the cause of colorectal cancer",28
"670","self","s445","funds can be recover soon",13
"671","self","s446","I go grocery shopping so this might have some tips for me.",57
"672","social","s448","It indicates something about the society we live in, and the effect it has on us. People like me are better prepared to live a meaningful life if we have more awareness of how our society and culture effect our behavior.",36
"673","self","s449","This article describes about the climate week.",83
"674","self","s450","This article is very removed from me, but I guess it affects the overall global environment.",21
"675","social","s453","this article is about scaring intensity",58
"676","social","s454","Wind turbines does nothing for my state except noise pollution. We have them but do not effect our environment.",1
"677","self","s456","During the weight loss exercise eat minimum amount of food",78
"678","self","s457","This article is about how wildlife in Florida is being killed off because of a toxic tide.",39
"679","social","s460","This article is about a lawsuit that Exxon filed to try to block an investigation into their climate policies.",3
"680","social","s462","It's everyone's job to help preserve wildlife, so please give this a read if you have time.",101
"681","social","s463","this would give people an idea about pollution created by these bags",57
"682","social","s466","If people understand causes of these fires, they can help.",17
"683","social","s467","scientifically it will work. take some test for humans and find it will work for humans or not.",72
"684","social","s470","every has kidneys and they should know about them",46
"685","self","s471","Everyone needs cleaning products and we all want the ones that work the best and are cost effective. This article would help explain which way to go with 5 examples.",47
"686","social","s473","eating bananas helps a lot in carbohydrates",68
"687","self","s475","I am overweight this would help me",74
"688","self","s478","This article is about the risk of taking Statins to reduce cholesterol. It causes side effects of skin infections.",80
"689","social","s479","Vitamin d will help your tooth enamel while pregnant so the women in my life need to know this",60
"690","self","s481","My area may become more prone to forest fires even though I don't live in CA",17
"691","self","s482","This article matters to me because I know that kidney stones are extremely painful, and I want to do everything possible not to get them.  I also don't drink enough fluids, so this is a good reminder for me.",46
"692","self","s483","There is a recent trend of campaign ads addressing climate change.",95
"693","social","s485","Recycling may not be happening the way you think.",49
"694","self","s487","Article is about breast cancer risk",52
"695","social","s488","eating flavonoid-rich foods lowers your risk for cancer and other diseases",22
"696","self","s490","I am interested in quick workout routines",48
"697","social","s492","Dietary supplements may not be good for people like they think they are, in fact certain supplements can actually be deadly.",10
"698","self","s493","If the funds were spent right, it could help people during disasters, with hurricane . Government aid",13
"699","social","s494","This assumption is very benefit to break the trouble.....very happy",92
"700","social","s495","This article states that our choice to eat or not before working out has major implications on how we would see food for the rest of the day",0
"701","self","s496","good one to be renewed in that field",29
"702","social","s497","This article is about supplements for people with metabolic disorders.",74
"703","social","s498","Staph infections could be fairly treacherous right now, as any attempts to visit an urgent care can put you at risk for COVID.  Might be better to weigh whether or not you should be taking statins, at least until it's a little safer to deal with the increased risk.",80
"704","self","s499","it is good to see victory of coal mine in Australia and got a permit",21
"705","social","s502","About wildfires and how they destroy and consume natural areas.",7
"706","self","s504","This article matters to me because I am trying really hard to reduce the waste that my households creates. I care about the planet and I want to do my part in helping reduce pollution. I would love to know more ways to reduce my plastics.",55
"707","social","s505","the article able to create awareness about environmental issues.",43
"708","social","s506","Some people I know don't understand the difference between the Flu and Covid and how our immune system works at all. Many think just because they're young, they will be fine no matter what.",100
"709","self","s507","this doesnt make any sense to me.",76
"710","self","s512","Which bags are better",57
"711","social","s513","I suppose I know people who may be planning to buy a new vehicle and this would encourage them to seriously consider buying electric which would help the environment",73
"712","self","s514","As a sleepy mom I appreciate this info.",44
"713","self","s515","Natural resource cannot be found scarce in our environment.",67
"714","social","s516","article about eating disorder",96
"715","social","s517","The Article is about diabetes",4
"716","self","s520","This article is about climate change related costs on company's bottom line in the next 5 years, which equates to about $1 trillion.",87
"717","self","s522","Who wants to bother with recycling if it's really not happening? Also, what is the point of recycling if they are shipping the items to another country for processing? Carbon ...?",49
"718","self","s526","Eating fish could make your children smarter.",30
"719","self","s527","Having a dog sleep with you is beneficial for both to sleep better",38
"720","social","s529","This is an interview with Sylvia Earle, oceanographer.",71
"721","self","s530","excess weight leads to cancer",54
"722","social","s531","We all prefer and use plastic bags.",57
"723","self","s532","I think walking is really good for a persons health and would benefit anyone.",36
"724","social","s533","the journey of well know environmental activist Greta Thunberg",65
"725","self","s535","This article is relevant to me because I'm very aware of my health and susceptibility to sickness due to the pandemic.",100
"726","self","s537","The governments plan on discussions on how to address climate change.",31
"727","self","s538","There is a risk for those taking cholesterol-lowering medicine to develop skin infections.",80
"728","social","s540","This article is about how climate change is causing more dangerous rains.",15
"729","social","s541","Express weight training is great if you don't have much time.",48
"730","self","s543","The effect on surgar and our health.",32
"731","self","s544","Climate is everyone's personal and me also",109
"732","social","s545","Solar power is gaining traction, but still has a long way to go over fossil fuels.",93
"733","social","s546","How to add exercises and how the exercises help your body.",56
"734","social","s547","This article matters to people who want to help make a difference when it comes to slowing climate change.",31
"735","social","s548","Peoples are must know the increased risk of developing parkinson's disease.",82
"736","social","s551","i think this medicine need to be more studied",80
"737","social","s552","I know lots of people who have had some form of cancer. I'm always telling people about the food they eat and how it affects them adversely.",22
"738","social","s553","Science is rethinking how a workout  prior to breakfast will affect weight.",0
"739","social","s554","It is about the dozens of plastics which is being dumped in landfills,where the plastics can't get buried in sand.",49
"740","self","s555","it is about eating fish for pregnant women",30
"741","social","s558","How realistic is it to own a wind turbine.",1
"742","social","s559","becuase it is very healthy",92
"743","self","s561","My wife is recovering from breast cancer.",24
"744","social","s563","This is an environmental compilation article that has information on Environmentalists and Nuclear power, international shipping's future and how to reduce your carbon footprint.",51
"745","social","s567","Affordable reusable alternatives to single use plastic items",55
"746","self","s568","Global warming is an important matter to be taken in our society, also it should be seriously think by all levels of people.",85
"747","social","s570","This article matters to people I know because many of them do not want to be fat.",8
"748","social","s571","Everyone in my family absolutely loves getting produce at the farmer's market. We're all big fans as the quality is amazing and the prices are fairly reasonable compared to big grocery retailers.",20
"749","self","s572","Stretching a dollar on American fast food was achieved by the grandmother of a person who was from a wealthy place in Korea that moved to an area of poverty in California. The grandmother was keen in finding ways to stretch a dollar.",70
"750","social","s574","I think this article is important to people that I know because they are interested in understanding what the government supports especially Federal programs",19
"751","social","s575","I have friends and family that avoid gluten.",66
"752","self","s576","Sleep apnea is on the rise due to an increase in obesity.",106
"753","self","s577","oil and gas giants are being sued by states for climate damage",105
"754","social","s578","This article matters to people I know because there are many thousands of families that have been affected by the wildfires in California, and many have lost homes or even loved ones.",17
"755","social","s581","Nowadays, diseases occurs depend upon the foods.",22
"756","social","s582","Evidence shows that pregnant women and children eating fish may make children smarter",30
"757","self","s583","as always known dog are good friend to human and it`s them common nature.",38
"758","self","s584","Solar power is a great way to curb fossil fuel emissions, so seeing more use is always good.",93
"759","self","s587","In case you were thinking of buying a wind turbine, FYI",1
"760","self","s588","This is relevant to me because I am looking for an electric car.",73
"761","self","s589","a lot of consumer products contribute to air pollution.",107
"762","social","s592","This is old news but good to remember I guess.",84
"763","social","s593","It is all about prevent the climate change.",71
"764","social","s594","The article speaks about the newly constructed areas in flood prone area.",23
"765","self","s595","It is going to enlighten me about how some nutrients are affected by cooking",42
"766","social","s598","This article is about lawmakers, lobbyists and the Administration try to overhaul the Endangered Species act.",89
"767","social","s599","global warming is affect whole world avoid some dangerous.",15
"768","self","s600","Partners need to be more educated on their partner's disorder",96
"769","social","s602","It is about the environmental damage of plastic waste.",67
"770","social","s606","This article about the climate change at arctic talks.",35
"771","self","s608","Exxons's motion to ignore climate investigation was denied",3
"772","social","s610","An article about vegan",26
"773","social","s613","How to be more efficient when buying produce.",20
"774","self","s615","disadvantages of soft drinks",32
"775","self","s616","The climate change is making the problem worse.",13
"776","social","s618","Pollution affects everyone across the globe.",79
"777","self","s619","A.I to Transform Breast Cancer Care",104
"778","self","s620","Potential side effect of statin medications being skin infections",80
"779","self","s621","I am looking to add to my training regimen and this article should help.",58
"780","self","s622","A deadly 2016 glacier collapse in Tibet surpassed scientist",45
"781","social","s623","we should have responsible for keep our wilds from fire free.",63
"782","self","s624","If you exercise you can stay physically younger.",18
"783","social","s626","Article matters to people so that they can make necessary steps to protect our environment.",63
"784","social","s627","Enforces decision to not smoke and exercise instead",16
"785","self","s628","It is moderately important to me.I also search about coal",41
"786","self","s629","Many people are less concerned in environmental issues.",23
"787","self","s630","because it is about helping the children",86
"788","social","s631","Solar power's still interesting, but still mostly useless, definitely impractical. Would be nice if it worked, but that's still a long way away.",93
"789","social","s634","Climate change effects every person that I know.",35
"790","self","s635","Australia has gotten a permit to work in a coal mine.",21
"791","self","s636","If I switch to a plant based diet it may increase my longevity.",64
"792","self","s638","Its good to know how important Vitamin D is  for a baby.",60
"793","social","s639","Climate change may destroy some of the Mediterranean's most important sites.",85
"794","self","s640","This article about the injuries related to driving, work, leisure and sports by poor hearing...",90
